what,kind,bundleId,bundleVersion,description,time
activated,editor,org.eclipse.jdt.ui,3.6.2.r362_v20110203,"org.eclipse.jdt.ui.CompilationUnitEditor",1323800703170
deactivated,workbench,org.eclipse.ui.workbench,3.6.2.M20110210-1200,"",1323800706772
activated,workbench,org.eclipse.ui.workbench,3.6.2.M20110210-1200,"",1323800732464
activated,editor,org.eclipse.jdt.ui,3.6.2.r362_v20110203,"org.eclipse.jdt.ui.CompilationUnitEditor",1323800734404
executed,command,org.eclipse.ui,3.6.2.M20110203-1100,"org.eclipse.ui.edit.paste",1323800739582
executed,command,org.eclipse.ui,3.6.2.M20110203-1100,"org.eclipse.ui.edit.copy",1323800781192
executed,command,org.eclipse.ui,3.6.2.M20110203-1100,"org.eclipse.ui.edit.copy",1323800785464
executed,command,org.eclipse.ui,3.6.2.M20110203-1100,"org.eclipse.ui.edit.paste",1323800787090
executed,command,org.eclipse.ui,3.6.2.M20110203-1100,"org.eclipse.ui.file.save",1323800793376
deactivated,workbench,org.eclipse.ui.workbench,3.6.2.M20110210-1200,"",1323800793650
activated,workbench,org.eclipse.ui.workbench,3.6.2.M20110210-1200,"",1323800794886
executed,command,org.eclipse.jdt.ui,3.6.2.r362_v20110203,"org.eclipse.jdt.ui.edit.text.java.organize.imports",1323800799752
executed,command,org.eclipse.ui,3.6.2.M20110203-1100,"org.eclipse.ui.file.save",1323800801337
executed,command,org.eclipse.ui,3.6.2.M20110203-1100,"org.eclipse.ui.edit.cut",1323800809606
executed,command,org.eclipse.ui.workbench.texteditor,3.6.1.r361_v20100714-0800,"org.eclipse.ui.edit.text.delete.line",1323800811946
executed,command,org.eclipse.ui.workbench.texteditor,3.6.1.r361_v20100714-0800,"org.eclipse.ui.edit.text.delete.line",1323800812356
activated,view,org.eclipse.jdt.ui,3.6.2.r362_v20110203,"org.eclipse.jdt.ui.PackageExplorer",1323800826918
activated,editor,org.eclipse.jdt.ui,3.6.2.r362_v20110203,"org.eclipse.jdt.ui.CompilationUnitEditor",1323800831313
activated,view,org.eclipse.jdt.ui,3.6.2.r362_v20110203,"org.eclipse.jdt.ui.PackageExplorer",1323800831326
activated,editor,org.eclipse.jdt.ui,3.6.2.r362_v20110203,"org.eclipse.jdt.ui.CompilationUnitEditor",1323800838382
executed,command,org.eclipse.ui,3.6.2.M20110203-1100,"org.eclipse.ui.edit.paste",1323800844041
executed,command,org.eclipse.ui,3.6.2.M20110203-1100,"org.eclipse.ui.edit.copy",1323800851574
executed,command,org.eclipse.ui,3.6.2.M20110203-1100,"org.eclipse.ui.edit.paste",1323800855394
executed,command,org.eclipse.ui,3.6.2.M20110203-1100,"org.eclipse.ui.edit.copy",1323800858824
executed,command,org.eclipse.ui,3.6.2.M20110203-1100,"org.eclipse.ui.edit.paste",1323800861481
executed,command,org.eclipse.ui.workbench.texteditor,3.6.1.r361_v20100714-0800,"org.eclipse.ui.edit.text.delete.line",1323800869021
executed,command,org.eclipse.ui.workbench.texteditor,3.6.1.r361_v20100714-0800,"org.eclipse.ui.edit.text.delete.line",1323800869324
executed,command,org.eclipse.ui.workbench.texteditor,3.6.1.r361_v20100714-0800,"org.eclipse.ui.edit.text.delete.line",1323800869589
executed,command,org.eclipse.ui.workbench.texteditor,3.6.1.r361_v20100714-0800,"org.eclipse.ui.edit.text.delete.line",1323800869845
executed,command,org.eclipse.ui.workbench.texteditor,3.6.1.r361_v20100714-0800,"org.eclipse.ui.edit.text.delete.line",1323800871426
executed,command,org.eclipse.ui.workbench.texteditor,3.6.1.r361_v20100714-0800,"org.eclipse.ui.edit.text.delete.line",1323800871675
executed,command,org.eclipse.ui,3.6.2.M20110203-1100,"org.eclipse.ui.file.save",1323800872450
activated,editor,org.eclipse.jdt.ui,3.6.2.r362_v20110203,"org.eclipse.jdt.ui.CompilationUnitEditor",1323800873982
executed,command,org.eclipse.ui,3.6.2.M20110203-1100,"org.eclipse.ui.edit.copy",1323800886673
executed,command,org.eclipse.ui,3.6.2.M20110203-1100,"org.eclipse.ui.edit.paste",1323800889378
executed,command,org.eclipse.ui,3.6.2.M20110203-1100,"org.eclipse.ui.edit.undo",1323800905922
executed,command,org.eclipse.ui.workbench.texteditor,3.6.1.r361_v20100714-0800,"org.eclipse.ui.edit.text.goto.lineEnd",1323800906839
executed,command,org.eclipse.ui,3.6.2.M20110203-1100,"org.eclipse.ui.edit.text.contentAssist.proposals",1323800913879
executed,command,org.eclipse.ui,3.6.2.M20110203-1100,"org.eclipse.ui.edit.copy",1323800925647
deactivated,workbench,org.eclipse.ui.workbench,3.6.2.M20110210-1200,"",1323800926244
activated,workbench,org.eclipse.ui.workbench,3.6.2.M20110210-1200,"",1323800991274
executed,command,org.eclipse.ui,3.6.2.M20110203-1100,"org.eclipse.ui.edit.text.contentAssist.proposals",1323800994393
executed,command,org.eclipse.ui,3.6.2.M20110203-1100,"org.eclipse.ui.edit.text.contentAssist.proposals",1323800999082
executed,command,org.eclipse.ui,3.6.2.M20110203-1100,"org.eclipse.ui.edit.text.contentAssist.proposals",1323801003008
executed,command,org.eclipse.ui,3.6.2.M20110203-1100,"org.eclipse.ui.edit.copy",1323801035457
deactivated,workbench,org.eclipse.ui.workbench,3.6.2.M20110210-1200,"",1323801035908
activated,workbench,org.eclipse.ui.workbench,3.6.2.M20110210-1200,"",1323801093275
executed,command,org.eclipse.ui,3.6.2.M20110203-1100,"org.eclipse.ui.edit.copy",1323801106644
executed,command,org.eclipse.ui.workbench.texteditor,3.6.1.r361_v20100714-0800,"org.eclipse.ui.edit.text.select.lineStart",1323801108522
executed,command,org.eclipse.ui,3.6.2.M20110203-1100,"org.eclipse.ui.edit.paste",1323801109110
executed,command,org.eclipse.ui,3.6.2.M20110203-1100,"org.eclipse.ui.edit.copy",1323801123945
executed,command,org.eclipse.ui,3.6.2.M20110203-1100,"org.eclipse.ui.edit.paste",1323801128885
executed,command,org.eclipse.ui,3.6.2.M20110203-1100,"org.eclipse.ui.file.save",1323801133415
executed,command,org.eclipse.ui,3.6.2.M20110203-1100,"org.eclipse.ui.file.save",1323801151217
executed,command,org.eclipse.jdt.ui,3.6.2.r362_v20110203,"org.eclipse.jdt.ui.edit.text.java.organize.imports",1323801153363
executed,command,org.eclipse.ui,3.6.2.M20110203-1100,"org.eclipse.ui.file.save",1323801154251
executed,command,org.eclipse.ui,3.6.2.M20110203-1100,"org.eclipse.ui.edit.undo",1323801162596
executed,command,org.eclipse.ui,3.6.2.M20110203-1100,"org.eclipse.ui.edit.redo",1323801165194
executed,command,org.eclipse.ui,3.6.2.M20110203-1100,"org.eclipse.ui.edit.undo",1323801167317
executed,command,org.eclipse.ui,3.6.2.M20110203-1100,"org.eclipse.ui.edit.undo",1323801167572
executed,command,org.eclipse.ui,3.6.2.M20110203-1100,"org.eclipse.ui.edit.redo",1323801168186
executed,command,org.eclipse.ui,3.6.2.M20110203-1100,"org.eclipse.ui.edit.undo",1323801168634
executed,command,org.eclipse.ui,3.6.2.M20110203-1100,"org.eclipse.ui.edit.delete",1323801172499
executed,command,org.eclipse.ui,3.6.2.M20110203-1100,"org.eclipse.ui.edit.text.contentAssist.proposals",1323801175611
executed,command,org.eclipse.ui,3.6.2.M20110203-1100,"org.eclipse.ui.edit.text.contentAssist.proposals",1323801179412
executed,command,org.eclipse.ui,3.6.2.M20110203-1100,"org.eclipse.ui.edit.delete",1323801197425
executed,command,org.eclipse.ui,3.6.2.M20110203-1100,"org.eclipse.ui.edit.delete",1323801199711
executed,command,org.eclipse.ui,3.6.2.M20110203-1100,"org.eclipse.ui.file.save",1323801203018
executed,command,org.eclipse.ui,3.6.2.M20110203-1100,"org.eclipse.ui.edit.copy",1323801209789
deactivated,workbench,org.eclipse.ui.workbench,3.6.2.M20110210-1200,"",1323801210271
activated,workbench,org.eclipse.ui.workbench,3.6.2.M20110210-1200,"",1323801273567
executed,command,org.eclipse.ui,3.6.2.M20110203-1100,"org.eclipse.ui.edit.copy",1323801280969
deactivated,workbench,org.eclipse.ui.workbench,3.6.2.M20110210-1200,"",1323801281507
activated,workbench,org.eclipse.ui.workbench,3.6.2.M20110210-1200,"",1323801282774
executed,command,org.eclipse.ui,3.6.2.M20110203-1100,"org.eclipse.ui.edit.copy",1323801288915
deactivated,workbench,org.eclipse.ui.workbench,3.6.2.M20110210-1200,"",1323801289636
activated,workbench,org.eclipse.ui.workbench,3.6.2.M20110210-1200,"",1323801334479
executed,command,org.eclipse.ui,3.6.2.M20110203-1100,"org.eclipse.ui.edit.paste",1323801337419
executed,command,org.eclipse.ui,3.6.2.M20110203-1100,"org.eclipse.ui.edit.copy",1323801342632
executed,command,org.eclipse.ui,3.6.2.M20110203-1100,"org.eclipse.ui.edit.paste",1323801344002
deactivated,workbench,org.eclipse.ui.workbench,3.6.2.M20110210-1200,"",1323801344751
activated,workbench,org.eclipse.ui.workbench,3.6.2.M20110210-1200,"",1323801351497
executed,command,org.eclipse.ui,3.6.2.M20110203-1100,"org.eclipse.ui.edit.paste",1323801354650
executed,command,org.eclipse.ui,3.6.2.M20110203-1100,"org.eclipse.ui.edit.delete",1323801363153
executed,command,org.eclipse.ui,3.6.2.M20110203-1100,"org.eclipse.ui.edit.delete",1323801363676
executed,command,org.eclipse.ui,3.6.2.M20110203-1100,"org.eclipse.ui.edit.delete",1323801364335
executed,command,org.eclipse.ui,3.6.2.M20110203-1100,"org.eclipse.ui.edit.delete",1323801364381
executed,command,org.eclipse.ui,3.6.2.M20110203-1100,"org.eclipse.ui.edit.delete",1323801364419
executed,command,org.eclipse.ui,3.6.2.M20110203-1100,"org.eclipse.ui.edit.delete",1323801364460
executed,command,org.eclipse.ui,3.6.2.M20110203-1100,"org.eclipse.ui.edit.delete",1323801364495
executed,command,org.eclipse.ui,3.6.2.M20110203-1100,"org.eclipse.ui.edit.delete",1323801364539
executed,command,org.eclipse.ui,3.6.2.M20110203-1100,"org.eclipse.ui.edit.delete",1323801364580
executed,command,org.eclipse.ui,3.6.2.M20110203-1100,"org.eclipse.ui.edit.delete",1323801364620
executed,command,org.eclipse.ui,3.6.2.M20110203-1100,"org.eclipse.ui.edit.delete",1323801364660
executed,command,org.eclipse.ui,3.6.2.M20110203-1100,"org.eclipse.ui.edit.delete",1323801364696
executed,command,org.eclipse.ui,3.6.2.M20110203-1100,"org.eclipse.ui.edit.delete",1323801364740
executed,command,org.eclipse.ui,3.6.2.M20110203-1100,"org.eclipse.ui.edit.delete",1323801364780
executed,command,org.eclipse.ui,3.6.2.M20110203-1100,"org.eclipse.ui.edit.delete",1323801364819
executed,command,org.eclipse.ui,3.6.2.M20110203-1100,"org.eclipse.ui.edit.delete",1323801364881
executed,command,org.eclipse.ui,3.6.2.M20110203-1100,"org.eclipse.ui.edit.delete",1323801364899
executed,command,org.eclipse.ui,3.6.2.M20110203-1100,"org.eclipse.ui.edit.delete",1323801365118
executed,command,org.eclipse.ui,3.6.2.M20110203-1100,"org.eclipse.ui.edit.delete",1323801365352
executed,command,org.eclipse.ui.workbench.texteditor,3.6.1.r361_v20100714-0800,"org.eclipse.ui.edit.text.goto.lineStart",1323801366835
executed,command,org.eclipse.ui.workbench.texteditor,3.6.1.r361_v20100714-0800,"org.eclipse.ui.edit.text.goto.lineEnd",1323801369939
executed,command,org.eclipse.ui.workbench.texteditor,3.6.1.r361_v20100714-0800,"org.eclipse.ui.edit.text.goto.lineStart",1323801378099
executed,command,org.eclipse.ui.workbench.texteditor,3.6.1.r361_v20100714-0800,"org.eclipse.ui.edit.text.goto.lineEnd",1323801381933
executed,command,org.eclipse.ui.workbench.texteditor,3.6.1.r361_v20100714-0800,"org.eclipse.ui.edit.text.goto.lineStart",1323801383249
executed,command,org.eclipse.ui.workbench.texteditor,3.6.1.r361_v20100714-0800,"org.eclipse.ui.edit.text.toggleOverwrite",1323801383250
executed,command,org.eclipse.ui.workbench.texteditor,3.6.1.r361_v20100714-0800,"org.eclipse.ui.edit.text.toggleOverwrite",1323801384178
executed,command,org.eclipse.ui,3.6.2.M20110203-1100,"org.eclipse.ui.edit.delete",1323801384464
executed,command,org.eclipse.ui.workbench.texteditor,3.6.1.r361_v20100714-0800,"org.eclipse.ui.edit.text.select.lineEnd",1323801386412
executed,command,org.eclipse.ui.workbench.texteditor,3.6.1.r361_v20100714-0800,"org.eclipse.ui.edit.text.goto.lineEnd",1323801387390
executed,command,org.eclipse.ui.workbench.texteditor,3.6.1.r361_v20100714-0800,"org.eclipse.ui.edit.text.select.lineStart",1323801393051
executed,command,org.eclipse.ui,3.6.2.M20110203-1100,"org.eclipse.ui.edit.cut",1323801393864
executed,command,org.eclipse.ui,3.6.2.M20110203-1100,"org.eclipse.ui.edit.paste",1323801397818
executed,command,org.eclipse.ui.workbench.texteditor,3.6.1.r361_v20100714-0800,"org.eclipse.ui.edit.text.delete.line",1323801400435
executed,command,org.eclipse.ui,3.6.2.M20110203-1100,"org.eclipse.ui.file.save",1323801413046
executed,command,org.eclipse.ui.workbench.texteditor,3.6.1.r361_v20100714-0800,"org.eclipse.ui.edit.text.goto.lineEnd",1323801417945
executed,command,org.eclipse.ui,3.6.2.M20110203-1100,"org.eclipse.ui.edit.delete",1323801422824
executed,command,org.eclipse.ui.workbench.texteditor,3.6.1.r361_v20100714-0800,"org.eclipse.ui.edit.text.delete.line",1323801426322
executed,command,org.eclipse.ui,3.6.2.M20110203-1100,"org.eclipse.ui.file.save",1323801427325
executed,command,,,"AUTOGEN:::org.eclipse.jdt.internal.ui.CompilationUnitEditor.ruler.actions/org.eclipse.jdt.internal.ui.javaeditor.JavaSelectRulerAction",1323801429844
deactivated,workbench,org.eclipse.ui.workbench,3.6.2.M20110210-1200,"",1323801432280
activated,workbench,org.eclipse.ui.workbench,3.6.2.M20110210-1200,"",1323801432545
executed,command,org.eclipse.ui,3.6.2.M20110203-1100,"org.eclipse.ui.file.save",1323801434065
executed,command,,,"AUTOGEN:::org.eclipse.jdt.internal.ui.CompilationUnitEditor.ruler.actions/org.eclipse.jdt.internal.ui.javaeditor.JavaSelectRulerAction",1323801435558
deactivated,workbench,org.eclipse.ui.workbench,3.6.2.M20110210-1200,"",1323801436693
activated,workbench,org.eclipse.ui.workbench,3.6.2.M20110210-1200,"",1323801436935
executed,command,org.eclipse.ui,3.6.2.M20110203-1100,"org.eclipse.ui.file.save",1323801438226
executed,command,org.eclipse.ui,3.6.2.M20110203-1100,"org.eclipse.ui.edit.copy",1323801443338
executed,command,org.eclipse.ui,3.6.2.M20110203-1100,"org.eclipse.ui.edit.delete",1323801448489
executed,command,org.eclipse.ui,3.6.2.M20110203-1100,"org.eclipse.ui.edit.delete",1323801455171
executed,command,org.eclipse.ui,3.6.2.M20110203-1100,"org.eclipse.ui.edit.paste",1323801459001
executed,command,org.eclipse.ui,3.6.2.M20110203-1100,"org.eclipse.ui.edit.text.contentAssist.proposals",1323801462757
executed,command,org.eclipse.ui,3.6.2.M20110203-1100,"org.eclipse.ui.edit.text.contentAssist.proposals",1323801467033
executed,command,org.eclipse.ui.workbench.texteditor,3.6.1.r361_v20100714-0800,"org.eclipse.ui.edit.text.goto.lineEnd",1323801468206
executed,command,org.eclipse.ui,3.6.2.M20110203-1100,"org.eclipse.ui.edit.copy",1323801473237
executed,command,org.eclipse.ui,3.6.2.M20110203-1100,"org.eclipse.ui.edit.paste",1323801477718
executed,command,org.eclipse.ui,3.6.2.M20110203-1100,"org.eclipse.ui.file.save",1323801478358
executed,command,org.eclipse.ui,3.6.2.M20110203-1100,"org.eclipse.ui.edit.copy",1323801489900
executed,command,org.eclipse.ui,3.6.2.M20110203-1100,"org.eclipse.ui.file.save",1323801490381
executed,command,org.eclipse.ui,3.6.2.M20110203-1100,"org.eclipse.ui.file.save",1323801498598
executed,command,org.eclipse.ui,3.6.2.M20110203-1100,"org.eclipse.ui.file.save",1323801504483
executed,command,org.eclipse.ui,3.6.2.M20110203-1100,"org.eclipse.ui.file.save",1323801512589
executed,command,org.eclipse.ui,3.6.2.M20110203-1100,"org.eclipse.ui.edit.copy",1323801519523
executed,command,org.eclipse.ui,3.6.2.M20110203-1100,"org.eclipse.ui.edit.paste",1323801520959
executed,command,org.eclipse.ui,3.6.2.M20110203-1100,"org.eclipse.ui.edit.paste",1323801522218
executed,command,org.eclipse.ui,3.6.2.M20110203-1100,"org.eclipse.ui.edit.paste",1323801528055
executed,command,org.eclipse.ui,3.6.2.M20110203-1100,"org.eclipse.ui.edit.delete",1323801533816
executed,command,org.eclipse.ui,3.6.2.M20110203-1100,"org.eclipse.ui.edit.delete",1323801533977
executed,command,org.eclipse.ui,3.6.2.M20110203-1100,"org.eclipse.ui.edit.delete",1323801534120
executed,command,org.eclipse.ui,3.6.2.M20110203-1100,"org.eclipse.ui.edit.delete",1323801534272
executed,command,org.eclipse.ui,3.6.2.M20110203-1100,"org.eclipse.ui.edit.delete",1323801534687
executed,command,org.eclipse.ui,3.6.2.M20110203-1100,"org.eclipse.ui.edit.copy",1323801539445
executed,command,org.eclipse.ui,3.6.2.M20110203-1100,"org.eclipse.ui.edit.paste",1323801540906
executed,command,org.eclipse.ui.workbench.texteditor,3.6.1.r361_v20100714-0800,"org.eclipse.ui.edit.text.delete.line",1323801542692
executed,command,org.eclipse.ui.workbench.texteditor,3.6.1.r361_v20100714-0800,"org.eclipse.ui.edit.text.delete.line",1323801542845
executed,command,org.eclipse.ui.workbench.texteditor,3.6.1.r361_v20100714-0800,"org.eclipse.ui.edit.text.delete.line",1323801542999
executed,command,org.eclipse.ui.workbench.texteditor,3.6.1.r361_v20100714-0800,"org.eclipse.ui.edit.text.delete.line",1323801543148
executed,command,org.eclipse.ui.workbench.texteditor,3.6.1.r361_v20100714-0800,"org.eclipse.ui.edit.text.delete.line",1323801543303
executed,command,org.eclipse.ui.workbench.texteditor,3.6.1.r361_v20100714-0800,"org.eclipse.ui.edit.text.delete.line",1323801543691
executed,command,org.eclipse.ui,3.6.2.M20110203-1100,"org.eclipse.ui.file.save",1323801544766
executed,command,org.eclipse.jdt.ui,3.6.2.r362_v20110203,"org.eclipse.jdt.ui.edit.text.java.organize.imports",1323801546541
executed,command,org.eclipse.ui,3.6.2.M20110203-1100,"org.eclipse.ui.file.save",1323801548067
executed,command,,,"AUTOGEN:::org.eclipse.jdt.debug.CompilationUnitEditor.BreakpointRulerActions/org.eclipse.jdt.debug.ui.actions.ManageBreakpointRulerAction",1323801556407
deactivated,workbench,org.eclipse.ui.workbench,3.6.2.M20110210-1200,"",1323801560432
activated,workbench,org.eclipse.ui.workbench,3.6.2.M20110210-1200,"",1323801562164
activated,editor,org.eclipse.jdt.ui,3.6.2.r362_v20110203,"org.eclipse.jdt.ui.CompilationUnitEditor",1323801564828
executed,command,org.eclipse.ui,3.6.2.M20110203-1100,"org.eclipse.ui.edit.copy",1323801569771
executed,command,org.eclipse.ui,3.6.2.M20110203-1100,"org.eclipse.ui.edit.paste",1323801571678
executed,command,org.eclipse.ui,3.6.2.M20110203-1100,"org.eclipse.ui.edit.paste",1323801572711
executed,command,org.eclipse.ui,3.6.2.M20110203-1100,"org.eclipse.ui.edit.paste",1323801573469
executed,command,org.eclipse.ui,3.6.2.M20110203-1100,"org.eclipse.ui.file.save",1323801574298
deactivated,workbench,org.eclipse.ui.workbench,3.6.2.M20110210-1200,"",1323801583774
activated,perspective,org.eclipse.debug.ui,3.6.3.v20101201_r362,"org.eclipse.debug.ui.DebugPerspective",1323801590947
activated,workbench,org.eclipse.ui.workbench,3.6.2.M20110210-1200,"",1323801590974
activated,editor,org.eclipse.jdt.ui,3.6.2.r362_v20110203,"org.eclipse.jdt.ui.CompilationUnitEditor",1323801591158
executed,command,org.eclipse.debug.ui,3.6.3.v20101201_r362,"org.eclipse.debug.ui.commands.StepOver",1323801596162
executed,command,org.eclipse.debug.ui,3.6.3.v20101201_r362,"org.eclipse.debug.ui.commands.StepOver",1323801597234
executed,command,org.eclipse.debug.ui,3.6.3.v20101201_r362,"org.eclipse.debug.ui.commands.StepOver",1323801601962
executed,command,org.eclipse.debug.ui,3.6.3.v20101201_r362,"org.eclipse.debug.ui.commands.StepOver",1323801602425
executed,command,org.eclipse.debug.ui,3.6.3.v20101201_r362,"org.eclipse.debug.ui.commands.StepOver",1323801603266
executed,command,org.eclipse.debug.ui,3.6.3.v20101201_r362,"org.eclipse.debug.ui.commands.StepOver",1323801608474
executed,command,org.eclipse.debug.ui,3.6.3.v20101201_r362,"org.eclipse.debug.ui.commands.StepOver",1323801610258
executed,command,org.eclipse.debug.ui,3.6.3.v20101201_r362,"org.eclipse.debug.ui.commands.StepOver",1323801610746
activated,view,org.eclipse.debug.ui,3.6.3.v20101201_r362,"org.eclipse.debug.ui.VariableView",1323801613125
executed,command,org.eclipse.debug.ui,3.6.3.v20101201_r362,"org.eclipse.debug.ui.commands.StepOver",1323801614290
executed,command,org.eclipse.debug.ui,3.6.3.v20101201_r362,"org.eclipse.debug.ui.commands.StepOver",1323801614698
executed,command,org.eclipse.debug.ui,3.6.3.v20101201_r362,"org.eclipse.debug.ui.commands.StepOver",1323801615554
executed,command,org.eclipse.debug.ui,3.6.3.v20101201_r362,"org.eclipse.debug.ui.commands.StepOver",1323801615906
executed,command,org.eclipse.debug.ui,3.6.3.v20101201_r362,"org.eclipse.debug.ui.commands.StepOver",1323801616626
executed,command,org.eclipse.debug.ui,3.6.3.v20101201_r362,"org.eclipse.debug.ui.commands.StepOver",1323801616922
executed,command,org.eclipse.debug.ui,3.6.3.v20101201_r362,"org.eclipse.debug.ui.commands.StepOver",1323801617258
executed,command,org.eclipse.debug.ui,3.6.3.v20101201_r362,"org.eclipse.debug.ui.commands.StepOver",1323801617514
executed,command,org.eclipse.debug.ui,3.6.3.v20101201_r362,"org.eclipse.debug.ui.commands.StepOver",1323801617858
executed,command,org.eclipse.debug.ui,3.6.3.v20101201_r362,"org.eclipse.debug.ui.commands.StepOver",1323801618154
executed,command,org.eclipse.debug.ui,3.6.3.v20101201_r362,"org.eclipse.debug.ui.commands.StepOver",1323801621954
executed,command,org.eclipse.debug.ui,3.6.3.v20101201_r362,"org.eclipse.debug.ui.commands.StepOver",1323801623130
executed,command,org.eclipse.debug.ui,3.6.3.v20101201_r362,"org.eclipse.debug.ui.commands.StepOver",1323801623682
executed,command,org.eclipse.debug.ui,3.6.3.v20101201_r362,"org.eclipse.debug.ui.commands.StepOver",1323801624002
executed,command,org.eclipse.debug.ui,3.6.3.v20101201_r362,"org.eclipse.debug.ui.commands.StepOver",1323801624562
executed,command,org.eclipse.debug.ui,3.6.3.v20101201_r362,"org.eclipse.debug.ui.commands.StepOver",1323801624834
executed,command,org.eclipse.debug.ui,3.6.3.v20101201_r362,"org.eclipse.debug.ui.commands.Resume",1323801625961
activated,editor,org.eclipse.jdt.ui,3.6.2.r362_v20110203,"org.eclipse.jdt.ui.CompilationUnitEditor",1323801626822
executed,command,org.eclipse.ui,3.6.2.M20110203-1100,"org.eclipse.ui.edit.copy",1323801631724
executed,command,org.eclipse.ui,3.6.2.M20110203-1100,"org.eclipse.ui.edit.paste",1323801634320
executed,command,org.eclipse.ui,3.6.2.M20110203-1100,"org.eclipse.ui.file.save",1323801635571
deactivated,workbench,org.eclipse.ui.workbench,3.6.2.M20110210-1200,"",1323801635834
activated,workbench,org.eclipse.ui.workbench,3.6.2.M20110210-1200,"",1323801637112
deactivated,workbench,org.eclipse.ui.workbench,3.6.2.M20110210-1200,"",1323801645199
activated,workbench,org.eclipse.ui.workbench,3.6.2.M20110210-1200,"",1323801654062
executed,command,org.eclipse.debug.ui,3.6.3.v20101201_r362,"org.eclipse.debug.ui.commands.Resume",1323801656602
executed,command,org.eclipse.debug.ui,3.6.3.v20101201_r362,"org.eclipse.debug.ui.commands.StepOver",1323801657730
executed,command,org.eclipse.debug.ui,3.6.3.v20101201_r362,"org.eclipse.debug.ui.commands.StepOver",1323801658809
executed,command,org.eclipse.debug.ui,3.6.3.v20101201_r362,"org.eclipse.debug.ui.commands.StepOver",1323801659130
executed,command,org.eclipse.debug.ui,3.6.3.v20101201_r362,"org.eclipse.debug.ui.commands.StepOver",1323801659458
executed,command,org.eclipse.debug.ui,3.6.3.v20101201_r362,"org.eclipse.debug.ui.commands.StepOver",1323801659801
executed,command,org.eclipse.debug.ui,3.6.3.v20101201_r362,"org.eclipse.debug.ui.commands.StepOver",1323801660218
executed,command,org.eclipse.debug.ui,3.6.3.v20101201_r362,"org.eclipse.debug.ui.commands.StepOver",1323801660770
activated,view,org.eclipse.debug.ui,3.6.3.v20101201_r362,"org.eclipse.debug.ui.VariableView",1323801662104
executed,command,org.eclipse.debug.ui,3.6.3.v20101201_r362,"org.eclipse.debug.ui.commands.StepOver",1323801663130
executed,command,org.eclipse.debug.ui,3.6.3.v20101201_r362,"org.eclipse.debug.ui.commands.StepOver",1323801663466
executed,command,org.eclipse.debug.ui,3.6.3.v20101201_r362,"org.eclipse.debug.ui.commands.StepOver",1323801664994
executed,command,org.eclipse.debug.ui,3.6.3.v20101201_r362,"org.eclipse.debug.ui.commands.StepOver",1323801665290
executed,command,org.eclipse.debug.ui,3.6.3.v20101201_r362,"org.eclipse.debug.ui.commands.Resume",1323801666058
activated,editor,org.eclipse.jdt.ui,3.6.2.r362_v20110203,"org.eclipse.jdt.ui.CompilationUnitEditor",1323801670120
executed,command,org.eclipse.jdt.ui,3.6.2.r362_v20110203,"org.eclipse.jdt.ui.edit.text.java.format",1323801678080
executed,command,org.eclipse.ui,3.6.2.M20110203-1100,"org.eclipse.ui.edit.copy",1323801680595
executed,command,org.eclipse.ui,3.6.2.M20110203-1100,"org.eclipse.ui.edit.paste",1323801682493
executed,command,org.eclipse.ui,3.6.2.M20110203-1100,"org.eclipse.ui.edit.text.contentAssist.proposals",1323801685676
executed,command,org.eclipse.ui,3.6.2.M20110203-1100,"org.eclipse.ui.edit.text.contentAssist.proposals",1323801687035
executed,command,org.eclipse.ui.workbench.texteditor,3.6.1.r361_v20100714-0800,"org.eclipse.ui.edit.text.select.lineStart",1323801694884
executed,command,org.eclipse.ui.workbench.texteditor,3.6.1.r361_v20100714-0800,"org.eclipse.ui.edit.text.select.lineStart",1323801695349
executed,command,org.eclipse.ui,3.6.2.M20110203-1100,"org.eclipse.ui.edit.copy",1323801698362
executed,command,org.eclipse.ui,3.6.2.M20110203-1100,"org.eclipse.ui.edit.paste",1323801700197
activated,perspective,org.eclipse.jdt.ui,3.6.2.r362_v20110203,"org.eclipse.jdt.ui.JavaPerspective",1323801706192
executed,command,org.eclipse.ui,3.6.2.M20110203-1100,"org.eclipse.ui.edit.text.contentAssist.proposals",1323801711936
deactivated,workbench,org.eclipse.ui.workbench,3.6.2.M20110210-1200,"",1323801715584
activated,workbench,org.eclipse.ui.workbench,3.6.2.M20110210-1200,"",1323801765472
executed,command,org.eclipse.ui,3.6.2.M20110203-1100,"org.eclipse.ui.edit.paste",1323801769314
executed,command,org.eclipse.jdt.ui,3.6.2.r362_v20110203,"org.eclipse.jdt.ui.edit.text.java.organize.imports",1323801771620
executed,command,org.eclipse.ui,3.6.2.M20110203-1100,"org.eclipse.ui.edit.text.contentAssist.proposals",1323801775524
executed,command,org.eclipse.ui,3.6.2.M20110203-1100,"org.eclipse.ui.edit.undo",1323801777030
executed,command,org.eclipse.ui,3.6.2.M20110203-1100,"org.eclipse.ui.edit.undo",1323801777362
executed,command,org.eclipse.ui,3.6.2.M20110203-1100,"org.eclipse.ui.file.save",1323801778426
deactivated,workbench,org.eclipse.ui.workbench,3.6.2.M20110210-1200,"",1323801778612
activated,workbench,org.eclipse.ui.workbench,3.6.2.M20110210-1200,"",1323801797090
deactivated,workbench,org.eclipse.ui.workbench,3.6.2.M20110210-1200,"",1323801798676
activated,workbench,org.eclipse.ui.workbench,3.6.2.M20110210-1200,"",1323801849171
executed,command,org.eclipse.ui,3.6.2.M20110203-1100,"org.eclipse.ui.edit.paste",1323801852655
